substrate,method,val_macro,test_macro_mean,test_macro_std,config,angry,disgust,fear,happy,sad,surprise,neutral
m2_original,Baseline,,0.6874413728725074,1.1102230246251565e-16,none,0.6439628482972136,0.6451612903225806,0.54510556621881,0.8947664603263928,0.5831244778613199,0.8073619631901842,0.6926070038910505
m2_original,SMOTE*,0.6781441367837188,0.6914688872982809,0.0017366527230541925,"k=7, target=3000",0.6434930872745641,0.6665234514858575,0.5458061870575777,0.8959275130248056,0.5816817030059925,0.813820953216693,0.6930293160224755
m2_original,Gaussian*,0.6810306338411948,0.6871905275994173,1.1102230246251565e-16,"cov=diagonal, α=0.5, target=3000",0.6434426229508197,0.6451612903225806,0.5419479267116682,0.8963172804532578,0.5825726141078839,0.8088235294117648,0.692068429237947
m2_original,DC*,0.6652800708418763,0.687031488730718,0.0004711829656103867,"k=1, α=0.21, target=full, λ=0.5 (fixed)",0.6470677506668342,0.6646497324067417,0.5384282824460791,0.8743603930844679,0.5733861995674318,0.8226721550137962,0.6886559079296753
ce_revised,Baseline,,0.6550237313449173,0.0,none,0.6099290780141844,0.6285714285714286,0.5048923679060665,0.8849858356940509,0.541978387364921,0.7595561035758323,0.6552529182879377
ce_revised,SMOTE*,0.6437746749693253,0.6557823956957504,0.001148265286139848,"k=3, target=2000",0.6049544176535742,0.6333068783068784,0.5039218915302147,0.886248066989349,0.5456050981392129,0.7596705372746962,0.6567698799763265
ce_revised,Gaussian*,0.6506540607694213,0.6568037730805788,0.00129357927387069,"cov=diagonal, α=1.5, target=full",0.6025307727972034,0.6154737757171834,0.5049397418017176,0.8859519386758806,0.5481785960143496,0.7654964065091825,0.6750551800485343
ce_revised,DC*,0.636552075338029,0.6354308464947133,0.001253873720626266,"k=3, α=0.5, target=2000, λ=0.5 (fixed)",0.5965945312779319,0.48991807043276,0.5006639946559787,0.8858905701151252,0.5448343329584895,0.7603471086869663,0.6697673173357418
center_only,Baseline,,0.6789497287649985,0.0,none,0.6056191467221644,0.6530612244897959,0.540796963946869,0.8958451906659078,0.5697770437654831,0.7995110024449877,0.688037529319781
center_only,SMOTE*,0.6662694617448187,0.6765068604630936,0.0007819097278689677,"k=3, target=3000",0.6011169321284999,0.6296296296296297,0.5437265632766166,0.8960034091812062,0.572062943308197,0.8011421855192795,0.6918663601982263
center_only,Gaussian*,0.6709521015952037,0.6799000206412172,0.0006922417230228958,"cov=ledoitwolf, α=1.5, target=2000",0.6011119809788913,0.6538461538461539,0.5432569974554707,0.8964992110203975,0.5744370681672867,0.799023199023199,0.6911255339971222
center_only,DC*,0.6561763410388352,0.6697430255605994,0.0014015044973480525,"k=1, α=0.1, target=2000, λ=0.5 (fixed)",0.5956442320161545,0.5875772357723577,0.5436574799880832,0.8937215093301086,0.5770809711140436,0.8004859157502467,0.6900338349532009
geometry,Baseline,,0.692591926003792,0.0,none,0.6390041493775933,0.6739130434782609,0.5518590998043053,0.9001692047377327,0.5910931174089069,0.7965895249695493,0.6955153422501968
geometry,SMOTE*,0.6758986143667145,0.691607491484059,0.0006963966849668123,"k=7, target=2000",0.6414016657337719,0.6595744680851063,0.5487407474047751,0.9017366124368218,0.5948443653239137,0.7969016076775537,0.6980529737264699
geometry,Gaussian*,0.6805487863397012,0.6901132333921579,0.0,"cov=diagonal, α=1.5, target=full",0.6361746361746362,0.6739130434782609,0.5506391347099312,0.898876404494382,0.5841423948220065,0.7936507936507936,0.6933962264150942
geometry,DC*,0.6652197923614408,0.6779592657109932,0.0005147095165242022,"k=1, α=0.5, target=2000, λ=0.5 (fixed)",0.6351530571436478,0.5869910100475939,0.5531705079692696,0.8979971864490895,0.5899192830783423,0.7883763179574954,0.6941074973315136
